user,assistant
반고흐 알지,"반고흐(Vincent van Gogh)는 19세기 후반의 네덜란드의 화가로, 초현실주의 예술의 선구자 중 한 명으로 여겨진다. 그의 대표작 중 일부는 ""별이 빛나는 밤"", ""해바라기"", ""감자 농부들"" 등이 있다. 그는 다양한 색감을 사용하여 작품에 감정을 전달하는데 중점을 두었으며, 그의 화풍은 화려하고 독창적인 것으로 평가받고 있다. 그러나 그의 작품은 생전에는 큰 사랑을 받지 못하다가 20세기 들어 전 세계에서 평가받기 시작했다."
의식이 떨어지다 를 영어로 표현해줘,"""의식이 떨어지다""를 영어로 표현하면 ""lose consciousness""입니다."
해외 파티드레스를 온라인으로파는 사이트 10개를알려줘,"아래는 해외 파티 드레스를 온라인으로 파는 사이트 중 10개를 추천해드립니다.

1. ASOS (www.asos.com)
2. Nordstrom (www.nordstrom.com)
3. Revolve (www.revolve.com)
4. Net-A-Porter (www.net-a-porter.com)
5. Farfetch (www.farfetch.com)
6. MyTheresa (www.mytheresa.com)
7. Saks Fifth Avenue (www.saksfifthavenue.com)
8. Shopbop (www.shopbop.com)
9. Bloomingdale's (www.bloomingdales.com)
10. Zara (www.zara.com)

위의 사이트들은 드레스 뿐만 아니라 기타 의류, 액세서리 등 다양한 아이템을 판매하므로, 제품 선택의 폭도 넓습니다. 다만, 해외 쇼핑몰이므로 배송비와 관세 등의 추가 비용이 발생할 수 있으니 주의하시기 바랍니다."
해외 미인대회 전문 드레스를 온라인으로파는 사이트 10개를알려줘,"해외 미인대회 전문 드레스를 온라인으로 파는 사이트 중 10곳을 추천해드립니다.

1. Jovani (www.jovani.com)
2. Sherri Hill (www.sherrihill.com)
3. Mac Duggal (www.macduggal.com)
4. Tony Bowls (www.tonybowls.com)
5. La Femme (www.lafemmefashion.com)
6. Morilee (www.morilee.com)
7. Rachel Allan (www.rachelallan.com)
8. Faviana (www.faviana.com)
9. Alyce Paris (www.alyceparis.com)
10. Terani Couture (www.teranicouture.com)

위의 사이트들은 전문적인 드레스 제작 회사들이므로, 디자인과 퀄리티 모두 높은 드레스를 제공합니다. 다만, 가격이 다소 높을 수 있으니 구매 전에 정확한 정보를 확인하시기 바랍니다. 또한, 사이트마다 디자인, 스타일이 다양하므로 여러 곳을 참고하시면 더 좋은 드레스를 찾을 수 있습니다."
애라인핏필라테스,"애라인핏필라테스는 애라인핏을 연출해주는 필라테스 운동입니다. 애라인핏 운동을 하면서 필라테스에서 사용되는 동작과 기구, 타입에 따라 견고한 하체 근육과 균형 잡힌 전신 근력을 강화시킬 수 있습니다. 또한, 코어 근육을 중점적으로 사용하면서 더욱 근육을 길게 만들어줍니다. 

애라인핏필라테스는 근력강화, 슬림한 몸매 연출, 자세 교정, 몸의 균형 능력 향상, 근육 유연성 향상 등 다양한 효과를 기대할 수 있습니다. 추가적으로, 필라테스는 체형 개선과 더불어 스트레스 해소와 긴장된 신체를 완화시키는데도 효과적이며, 이를 통해 신체와 마음을 모두 건강하게 유지할 수 있습니다."
애라인핏엠버서더,"애라인핏 엠버서더는 애라인핏을 대표하는 인물이나 단체로서, 해당 브랜드의 제품 혹은 서비스를 대중에 이야기하고, 홍보하기 위해 지정되는 사람들을 말합니다. 애라인핏의 특성상, 여성들이 느끼는 불편한 체형을 교정하고, 더욱 여성스러운 라인을 연출해주기 때문에, 애라인핏 엠버서더는 일반적으로 여성 연예인이나 모델들이 지정되곤 합니다.

애라인핏 엠버서더는 대신 브랜드의 제품을 대중에 노출시킴으로써 후원금 등 보상을 받을 수 있지만, 이는 노조법에 따라 규제 될 수 있으며, 보상금의 대상자는 선정에 따라 달라질 수도 있으므로, 구체적인 내용은 회사나 브랜드 측의 오피셜 발표에 따라 달라질 수 있습니다."
플로깅,"'플로깅(Plogging)'은 스웨덴에서 유래된 운동으로, 러닝과 쓰레기 줍기를 동시에 하는 운동입니다. ""Plocka""와 ""Jogging"" 단어를 조합한 Plogging은 이전에는 자신이 달리면서 미움받는 쓰레기를 줍는 활동을 말했지만 현재는 흔히 어떠한 활동을 하면서 쓰레기를 줍는 환경 보호 활동을 일컫습니다. 

시간과 장소에 구애받지 않으므로, 개인이 스스로 쓰레기 줍기를 습관으로 만들어서 지속 가능한 환경 보호에 기여할 수 있습니다. 특히, 스페셜한 도구가 필요하지 않으므로 관심 있는 사람이면 언제든지 쉽게 참여가 가능합니다.

또한, 건강과 환경 보호를 둘 다 이룰 수 있는 활동으로 직접 환경을 보호하면서 운동 효과를 더할 수 있으므로, 많은 이들이 즐겨하는 활동 중 하나입니다."
플로깅이 뭔가요?,"'플로깅(Plogging)'은 스웨덴에서 유래된 운동으로, 러닝과 쓰레기 줍기를 동시에 하는 운동입니다. ""Plocka""와 ""Jogging"" 단어를 조합한 Plogging은 이전에는 자신이 달리면서 미움받는 쓰레기를 줍는 활동을 말했지만 현재는 흔히 어떠한 활동을 하면서 쓰레기를 줍는 환경 보호 활동을 일컫습니다. 

즉, 일상적인 조깅 혹은 걷기를 하면서 거리의 쓰레기를 주운 뒤, 이를 분리수거함에 버리는 활동입니다. 시간과 장소에 구애받지 않으므로, 개인이 스스로 쓰레기 줍기를 습관으로 만들어서 지속 가능한 환경 보호에 기여할 수 있습니다.

또한, 건강과 환경 보호를 둘 다 이룰 수 있는 활동으로 직접 환경을 보호하면서 운동 효과를 더할 수 있으므로, 많은 이들이 즐겨하는 활동 중 하나입니다."
플리마켓,"플리마켓(Flea market)은 일반적으로 개인이 집에서 사용하지 않는 중고 제품을 판매하는 장소 또는 행사를 의미합니다. 주로 계절별로 열리며, 방문객들은 중고 제품을 구매 또는 판매할 수 있습니다. 

물건은 개인적으로 사용되던 가구, 옷, 책, 전자기기 등 하나 이상의 개인이 소유하고 있는 중고 포함 모든 물건들이 많이 판매됩니다. 중고거래의 장점은 사용하지 않은 물건을 판매할 수 있는 것 뿐만 아니라, 오랜 기간 사용한 자신의 물건을 값이 나가지 않게 버리는게 아닌, 다른 사람에게 넘겨줌으로써 환경 보호에도 기여할 수 있다는 것입니다.

플리마운트는 지역사회 상인들이 직접 여러 가지 제품을 판매하는 재미있는 장난감, 의류, 골동품 및 가전 제품, 기타 사용기에 '추억의 마켓'이라고도 불립니다."
Webull은 왜 뛰어난 증권사야?,"Webull은 다음과 같은 이유로 많은 투자자들에게 인기가 있는 뛰어난 증권사로 알려져 있습니다.

1. 사용자 친화적인 플랫폼: Webull은 사용하기 쉬운 인터페이스와 깔끔한 디자인을 갖추고 있으며, 이로 인해 초보자와 경험이 풍부한 투자자 모두에게 사용이 용이합니다.

2. 무료 주식 거래: Webull은 무료로 주식 거래 서비스를 제공합니다. 이로 인해 투자자들이 거래 비용을 걱정하지 않고 자유롭게 거래할 수 있습니다.

3. 실시간 시장 데이터 및 분석 도구: Webull은 투자자들에게 실시간 시장 데이터를 제공합니다. 또한 각종 차트와 분석 도구를 제공함으로써 투자자들이 시장 상황을 철저히 파악할 수 있게 도움을 줍니다.

4. 레버리지 및 주문 유형: 일부 증권사와 달리, Webull은 레버리지 거래 및 다양한 주문 유형(시장가 주문, 지정가 주문, 주문 조건 등)을 제공하여 투자 전략을 보다 다양하게 구성할 수 있습니다.

5. 투자 교육 자료: Webull은 투자자들에게 투자에 필요한 다양한 교육 자료를 제공하고 있습니다. 이는 특히 초보 투자자들에게 도움이 됩니다.

6. 올레 거래 지원: Webull은 애플(iOS) 및 안드로이드(Android) 기기 모두에서 사용할 수 있는 모바일 앱을 제공합니다. 이를 통해 투자자들은 언제 어디서나 편리하게 거래를 진행할 수 있습니다.

주의: 주식 거래와 투자는 손실의 위험이 있으니, 투자에 앞서 충분한 조사와 분석을 통해 자신의 투자 목표와 위험 인식에 맞는 전략을 세우시길 바랍니다."
캠핑 스토리보드를 활용한 창의적인 아이디어가 있을까요?,"캠핑 스토리보드를 활용한 창의적인 아이디어 몇 가지를 제안해드리겠습니다.

1. 여러 가지 캠핑 요리를 제작하는 과정을 담은 만화 스타일의 캠핑 요리 영상 제작
- 스토리보드에는 요리 재료를 구매하고, 재료를 손질하는 과정, 조리하는 과정 등을 담는다.

2. 여러 명이 함께 캠핑을 즐길 때의 활동 영상 제작
- 스토리보드에는 새로운 캠핑용품을 함께 사용해보기, 물고기 잡기 같은 다양한 여가 활동들이 포함

3. 자연 속에서 긴장감 넘치는 이야기를 담은 모험 스타일의 캠핑 영상 제작
- 스토리보드에는 캠프파이어 주변에서 무서운 이야기를 나누고, 야생동물과의 예상치 못한 만남, 국경을 넘어 다른 나라의 자연경관 등을 담는다.

4. 캠핑장의 아름다운 풍경과 선명한 별빛을 담은 자연드라마 스타일의 영상 제작
- 스토리보드에는 풍경 감상, 별빛 보는 장면을 자연의 아름다움과 함께 담아낸다.

이와 같은 아이디어들을 담은 캠핑 영상을 스토리보드를 활용하여 제작해보시면, 누구나 쉽게 따라할 수 있는 캠핑 제작 영상이 탄생할 것입니다. 스토리보드를 통해 미리 촬영 내용과 흐름을 계획하고, 자세한 디테일까지 체계적으로 검토할 수 있기 때문에, 보다 자연스럽고 완성도 높은 창의적인 캠핑 영상 제작이 가능합니다."
회사 가기 싫어,"분명히 그렇게 생각하는 사람이 많을걸 냥~♥ 하지만 그래도 어쩔 수 없이 가야하는 상황도 있답니다냥~ 그렇다면 오늘 하루도 건강하고 열심히 일해보아냥~♥ 힘들겠지만, 오늘 하루도 즐겁게 보내봐요냥~♥"
을왕리 해수욕장에대해 알려줘. 3가지로 나누면 좋겠어 결론도 네가 내려줘,"을왕리 해수욕장은 경상남도 함양군 사면리와 마천리, 대둔리, 하내리, 용정리 마을 경계에서 뻗어나가는 해안선에서 가장 남쪽에 위치한 해수욕장입니다. 국내에서 가장 넓은 백사장을 자랑하여 많은 사람들이 방문하는 인기 있는 해수욕장입니다. 여행자들은 짧은 여행일정에서도 많은 추억을 만들 수 있는 장소로 자주 방문하고 있으며, 다음과 같이 3가지로 나누어 볼 수 있습니다.

1. 넓은 백사장: 을왕리 해수욕장은 국내에서 가장 넓은 백사장을 자랑합니다. 특히 해안선이 a자형으로 뻗어나가며 수심도 얕아 자유롭게 수영할 수 있어 가족 여행이나 어린 아이와 함께하는 여행에서 인기가 있습니다.

2. 해가지는 일몰: 을왕리 해수욕장에서는 붉은 일몰이 유명합니다. 일몰 시간대에는 해변가 전체가 붉게 물든 창경을 감상할 수 있으며 아름다운 풍경을 즐길 수 있습니다.

3. 다양한 먹거리: 을왕리 해수욕장 근처에는 맛있는 음식점이 많이 있습니다. 바다에서 잡은 신선한 해산물을 맛볼 수 있으며, 지역 특산물인 마늘과다 빵, 오랑캐 등의 음식도 즐길 수 있습니다.

결론적으로, 을왕리 해수욕장에서는 넓은 백사장과 아름다운 일몰, 다양한 먹거리를 즐길 수 있습니다. 인기 있는 관광지이기 때문에 많은 사람들이 방문합니다. 을왕리 여행을 계획 중이라면 꼭 한번 방문해보시길 추천드립니다."
